[
    {
        "id": 1,
        "name": "Rice Jochens",
        "email": "rjochens0@phpbb.com",
        "phone": "686-20-1067",
        "address": "5119 Carey Road",
        "status": "Silver"
    },
    {
        "id": 2,
        "name": "Darby Burgisi",
        "email": "dburgisi1@ed.gov",
        "phone": "343-52-3424",
        "address": "4 Lerdahl Plaza",
        "status": "Silver"
    },
    {
        "id": 3,
        "name": "Melodee Pharaoh",
        "email": "mpharaoh2@twitter.com",
        "phone": "335-11-7024",
        "address": "762 Coleman Parkway",
        "status": "Platinum"
    },
    {
        "id": 4,
        "name": "Turner Scarse",
        "email": "tscarse3@ihg.com",
        "phone": "479-28-1843",
        "address": "0 Kedzie Road",
        "status": "Silver"
    },
    {
        "id": 5,
        "name": "Isobel Winser",
        "email": "iwinser4@vistaprint.com",
        "phone": "811-13-4991",
        "address": "59424 Fordem Parkway",
        "status": "Silver"
    },
    {
        "id": 6,
        "name": "Carlin Ribbon",
        "email": "cribbon5@yellowbook.com",
        "phone": "815-69-2483",
        "address": "06820 Mifflin Court",
        "status": "Standard"
    },
    {
        "id": 7,
        "name": "Zedekiah Charlewood",
        "email": "zcharlewood6@art.com",
        "phone": "880-92-2300",
        "address": "31968 Emmet Terrace",
        "status": "Silver"
    },
    {
        "id": 8,
        "name": "Tedie Beisley",
        "email": "tbeisley7@auda.org.au",
        "phone": "143-46-6741",
        "address": "1 Banding Point",
        "status": "Silver"
    },
    {
        "id": 9,
        "name": "Evelina Littrell",
        "email": "elittrell8@usgs.gov",
        "phone": "849-40-9409",
        "address": "8578 Little Fleur Way",
        "status": "Silver"
    },
    {
        "id": 10,
        "name": "Clea Francom",
        "email": "cfrancom9@devhub.com",
        "phone": "721-53-7309",
        "address": "6030 Manley Avenue",
        "status": "Gold"
    },
    {
        "id": 11,
        "name": "Clem Orhtmann",
        "email": "corhtmanna@slate.com",
        "phone": "863-02-8461",
        "address": "2 Riverside Way",
        "status": "Standard"
    },
    {
        "id": 12,
        "name": "Mirna Booker",
        "email": "mbookerb@oaic.gov.au",
        "phone": "300-13-8495",
        "address": "07362 Mallard Street",
        "status": "Gold"
    },
    {
        "id": 13,
        "name": "Florencia Cossum",
        "email": "fcossumc@facebook.com",
        "phone": "514-94-2779",
        "address": "4744 Eagan Point",
        "status": "Gold"
    },
    {
        "id": 14,
        "name": "Marcia Camier",
        "email": "mcamierd@amazon.de",
        "phone": "595-70-7830",
        "address": "50181 Northridge Street",
        "status": "Standard"
    },
    {
        "id": 15,
        "name": "Trumaine Ambrosio",
        "email": "tambrosioe@intel.com",
        "phone": "802-69-1721",
        "address": "95 Rigney Avenue",
        "status": "Silver"
    },
    {
        "id": 16,
        "name": "Manon Doak",
        "email": "mdoakf@gizmodo.com",
        "phone": "115-84-7179",
        "address": "06 Declaration Park",
        "status": "Platinum"
    },
    {
        "id": 17,
        "name": "Vladamir Fitt",
        "email": "vfittg@shop-pro.jp",
        "phone": "556-18-3865",
        "address": "77 Packers Lane",
        "status": "Gold"
    },
    {
        "id": 18,
        "name": "Queenie Mollitt",
        "email": "qmollitth@cornell.edu",
        "phone": "150-79-4460",
        "address": "8 Eastlawn Junction",
        "status": "Platinum"
    },
    {
        "id": 19,
        "name": "Samara Orrom",
        "email": "sorromi@hp.com",
        "phone": "597-78-1741",
        "address": "49 Declaration Avenue",
        "status": "Silver"
    },
    {
        "id": 20,
        "name": "Almeda Dudhill",
        "email": "adudhillj@cmu.edu",
        "phone": "181-22-8950",
        "address": "3412 Alpine Place",
        "status": "Gold"
    },
    {
        "id": 21,
        "name": "Domenic Hallewell",
        "email": "dhallewellk@google.it",
        "phone": "230-98-1561",
        "address": "8037 Cottonwood Parkway",
        "status": "Standard"
    },
    {
        "id": 22,
        "name": "Gavan Sahnow",
        "email": "gsahnowl@privacy.gov.au",
        "phone": "896-12-8020",
        "address": "8413 Mayer Court",
        "status": "Silver"
    },
    {
        "id": 23,
        "name": "Alphonso Guitton",
        "email": "aguittonm@usa.gov",
        "phone": "464-27-4896",
        "address": "84 Garrison Road",
        "status": "Standard"
    },
    {
        "id": 24,
        "name": "Friedrick Crewe",
        "email": "fcrewen@noaa.gov",
        "phone": "846-22-8977",
        "address": "4 Dorton Avenue",
        "status": "Standard"
    },
    {
        "id": 25,
        "name": "Candida Winckles",
        "email": "cwinckleso@ezinicles.com",
        "phone": "123-52-4971",
        "address": "41 Derek Parkway",
        "status": "Standard"
    },
    {
        "id": 26,
        "name": "Geralda Risebrow",
        "email": "grisebrowp@1und1.de",
        "phone": "683-90-3831",
        "address": "3 Lien Trail",
        "status": "Standard"
    },
    {
        "id": 27,
        "name": "Winnie Tinkham",
        "email": "wtinkhamq@google.de",
        "phone": "868-70-2226",
        "address": "43 Blue Bill Park Terrace",
        "status": "Gold"
    },
    {
        "id": 28,
        "name": "Yorgo Haughin",
        "email": "yhaughinr@miibeian.gov.cn",
        "phone": "120-97-1973",
        "address": "0 Rutledge Drive",
        "status": "Gold"
    },
    {
        "id": 29,
        "name": "Kinna O'Cuddie",
        "email": "kocuddies@uiuc.edu",
        "phone": "781-50-9653",
        "address": "0 Clyde Gallagher Alley",
        "status": "Standard"
    },
    {
        "id": 30,
        "name": "Kevon Eskriet",
        "email": "keskriett@dell.com",
        "phone": "828-92-8801",
        "address": "9 Dapin Street",
        "status": "Platinum"
    },
    {
        "id": 31,
        "name": "Alexa Thunderchief",
        "email": "athunder@feedbur.com",
        "phone": "206-03-2580",
        "address": "1 Express Place",
        "status": "Standard"
    },
    {
        "id": 32,
        "name": "Josi Adnams",
        "email": "jadnamsv@marriott.com",
        "phone": "339-91-3959",
        "address": "96934 Anzinger Parkway",
        "status": "Gold"
    },
    {
        "id": 33,
        "name": "Ashby Corkell",
        "email": "acorkellw@is.gd",
        "phone": "247-30-7327",
        "address": "7 Northridge Avenue",
        "status": "Platinum"
    },
    {
        "id": 34,
        "name": "Camille Gammidge",
        "email": "cgammidgex@ebay.co.uk",
        "phone": "121-07-1809",
        "address": "6132 Debra Way",
        "status": "Silver"
    },
    {
        "id": 35,
        "name": "Shea Banker",
        "email": "sbankery@oaic.gov.au",
        "phone": "144-46-2884",
        "address": "82 Meadow Vale Lane",
        "status": "Silver"
    }
]
