[
    { "id":1, "code":"NTBS-1", "name":"Accento-Spachtel", "price":12, "quantity":24 },
    { "id":2, "code":"NTBS-2", "name":"Akkordspachtel fein", "price":21, "quantity":4  },
    { "id":3, "code":"NTBS-3", "name":"Aqua-inn N°1", "price":23, "quantity":17 },
    { "id":4, "code":"NTBS-4", "name":"AquaSperrgrund", "price":30, "quantity":15 },
    { "id":5, "code":"NTBS-5", "name":"Cap-elast Faserpaste", "price":20, "quantity":23 },
    { "id":6, "code":"NTBS-6", "name":"Cap-elast Phase 1/2", "price":150, "quantity":12 },
    { "id":7, "code":"NTBS-7", "name":"Capadecor ArteTwin Basic", "price":15, "quantity":192 },
    { "id":8, "code":"NQWT-1", "name":"Capadecor ArteTwin Effect Silber/Gold", "price":22, "quantity":121 },
    { "id":9, "code":"NQWT-2", "name":"Capadur Aqua-Lasur Universal", "price":12, "quantity":19 },
    { "id":10, "code":"NQWT-3", "name":"CapaGrund Universal", "price":30, "quantity":19 },
    { "id":11, "code":"NQWT-4", "name":"Capalith Fassaden-Feinspachtel", "price":35, "quantity":15 },
    { "id":12, "code":"NQWT-5", "name":"Caparol Fassaden-Feinspachtel", "price":10, "quantity":27 },
    { "id":13, "code":"NQWT-6", "name":"Capatect Klebe- und Spachtelmasse 190", "price":9, "quantity":19 },
    { "id":14, "code":"NQWT-7", "name":"Capatect-Mineral-Leichtputz", "price":42, "quantity":34 },
    { "id":15, "code":"NAET-1", "name":"Capatect-Panzergewebe 652/00", "price":2, "quantity":45 },
    { "id":16, "code":"NAET-2", "name":"Capatect-Universaldübel-Rondelle MW 052/04", "price":8, "quantity":11 },
    { "id":17, "code":"NAET-3", "name":"Capaver ElementEffects", "price":30, "quantity":7 },
    { "id":18, "code":"NAET-4", "name":"Capaver FantasticFleece", "price":32, "quantity":9 },
    { "id":19, "code":"NAET-5", "name":"Capaver Glasgewebe", "price":7, "quantity":149 },
    { "id":20, "code":"NAET-6", "name":"Captect Longlife Putz", "price":32, "quantity":124 },
    { "id":21, "code":"NAET-7", "name":"Disbocret 507 MultiTec-Mörtel", "price":52, "quantity":10 },
    { "id":22, "code":"NQAR-1", "name":"Disboflex 480 Metallschutz", "price":43, "quantity":32 },
    { "id":23, "code":"NQAR-2", "name":"Disboxan 450 Fassadenschutz", "price":32, "quantity":22 },
    { "id":24, "code":"NQAR-3", "name":"EP-Antistatik", "price":32, "quantity":156 },
    { "id":25, "code":"NQAR-4", "name":"FibroSil", "price":5, "quantity":19 },
    { "id":26, "code":"NQAR-5", "name":"Grundplastik", "price":72, "quantity":56 },
    { "id":27, "code":"NQAR-6", "name":"Histolith Algen-Entferner", "price":7, "quantity":33 },
    { "id":28, "code":"NQAR-7", "name":"Histolith Aqua-Fassadenschutz", "price":18, "quantity":71 },
    { "id":29, "code":"NTBO-1", "name":"Histolith Kristallin-Farbkomponente", "price":21, "quantity":19 },
    { "id":30, "code":"NTBO-2", "name":"Histolith Trass-Vorspritzputz", "price":21, "quantity":43 },
    { "id":31, "code":"NTBO-3", "name":"Histolith Volltonfarben SI", "price":45, "quantity":19 },
    { "id":32, "code":"NTBO-4", "name":"Latex Gloss 60", "price":60, "quantity":67 },
    { "id":33, "code":"NTBO-5", "name":"Meldorfer Flachverblender", "price":20, "quantity":19 },
    { "id":34, "code":"NTBO-6", "name":"OptiGrund E.L.F.", "price":32, "quantity":90 },
    { "id":35, "code":"NTBO-7", "name":"Samtex 10 E.L.F.", "price":16, "quantity":84 },
    { "id":36, "code":"NTBO-8", "name":"Samtex 3 E.L.F", "price":32, "quantity":16 },
    { "id":37, "code":"NTBO-9", "name":"Samtex 20 E.L.F", "price":34, "quantity":27 },
    { "id":38, "code":"NTBO-10", "name":"Samtex 7 E.L.F", "price":13, "quantity":14 },
    { "id":39, "code":"NTBO-11", "name":"Sylitol 111 Konzentrat", "price":17, "quantity":1 },
    { "id":40, "code":"NTBO-12", "name":"Thermosan NQG", "price":17, "quantity":11 }
]